{
  "lang":"en",
  "name":"pipeline",
  "version":"0.0.0",
  "spacy_version":">=3.8.7,<3.9.0",
  "description":"",
  "author":"",
  "email":"",
  "url":"",
  "license":"",
  "spacy_git_version":"4b65aa7",
  "vectors":{
    "width":0,
    "vectors":0,
    "keys":0,
    "name":null,
    "mode":"default"
  },
  "labels":{
    "transformer":[

    ],
    "ner":[
      "ACCOMPLISHMENT",
      "CERTIFICATION",
      "COMPANY",
      "DEGREE",
      "DURATION",
      "EMAIL",
      "EXPERIENCE",
      "EXTRA_SKILLS",
      "GRADES",
      "INSTITUTION",
      "INTERNSHIP",
      "JOB_TITLE",
      "LANGUAGE",
      "LOCATION",
      "NAME",
      "PHONE_NUMBER",
      "PROFICIENCY",
      "PROGRAMMING_LANGUAGE",
      "PROJECT_DESCRIPTION",
      "PROJECT_LINK",
      "PROJECT_TITLE",
      "RESPONSIBILITIES",
      "SOFT_SKILL",
      "SUMMARY",
      "TECHNICAL_SKILL"
    ]
  },
  "pipeline":[
    "transformer",
    "ner"
  ],
  "components":[
    "transformer",
    "ner"
  ],
  "disabled":[

  ],
  "performance":{
    "ents_f":0.7154595253,
    "ents_p":0.7104865518,
    "ents_r":0.720502605,
    "ents_per_type":{
      "PROJECT_LINK":{
        "p":0.9859813084,
        "r":0.9504504505,
        "f":0.9678899083
      },
      "TECHNICAL_SKILL":{
        "p":0.726041144,
        "r":0.7003872217,
        "f":0.7129834935
      },
      "NAME":{
        "p":0.9263565891,
        "r":0.9299610895,
        "f":0.9281553398
      },
      "LOCATION":{
        "p":0.6747404844,
        "r":0.8091286307,
        "f":0.7358490566
      },
      "COMPANY":{
        "p":0.8563714903,
        "r":0.8600867679,
        "f":0.8582251082
      },
      "JOB_TITLE":{
        "p":0.8537590113,
        "r":0.8635416667,
        "f":0.8586224754
      },
      "DURATION":{
        "p":0.8465517241,
        "r":0.933460076,
        "f":0.8878842676
      },
      "INSTITUTION":{
        "p":0.6971830986,
        "r":0.7333333333,
        "f":0.714801444
      },
      "DEGREE":{
        "p":0.6855895197,
        "r":0.7136363636,
        "f":0.6993318486
      },
      "GRADES":{
        "p":0.4634146341,
        "r":0.4318181818,
        "f":0.4470588235
      },
      "CERTIFICATION":{
        "p":0.7528604119,
        "r":0.7814726841,
        "f":0.7668997669
      },
      "LANGUAGE":{
        "p":0.6784140969,
        "r":0.703196347,
        "f":0.6905829596
      },
      "PHONE_NUMBER":{
        "p":0.7027027027,
        "r":0.8666666667,
        "f":0.776119403
      },
      "EMAIL":{
        "p":0.8857142857,
        "r":0.96875,
        "f":0.9253731343
      },
      "SUMMARY":{
        "p":0.3142857143,
        "r":0.2784810127,
        "f":0.2953020134
      },
      "RESPONSIBILITIES":{
        "p":0.4710743802,
        "r":0.5538116592,
        "f":0.5091034009
      },
      "SOFT_SKILL":{
        "p":0.5,
        "r":0.4080717489,
        "f":0.449382716
      },
      "EXPERIENCE":{
        "p":0.6139705882,
        "r":0.6398467433,
        "f":0.626641651
      },
      "ACCOMPLISHMENT":{
        "p":0.5396825397,
        "r":0.4473684211,
        "f":0.4892086331
      },
      "EXTRA_SKILLS":{
        "p":0.126984127,
        "r":0.0503144654,
        "f":0.0720720721
      },
      "PROGRAMMING_LANGUAGE":{
        "p":0.7945205479,
        "r":0.6744186047,
        "f":0.7295597484
      },
      "PROFICIENCY":{
        "p":0.0,
        "r":0.0,
        "f":0.0
      },
      "PROJECT_TITLE":{
        "p":0.3333333333,
        "r":0.1369863014,
        "f":0.1941747573
      },
      "PROJECT_DESCRIPTION":{
        "p":0.0,
        "r":0.0,
        "f":0.0
      },
      "INTERNSHIP":{
        "p":1.0,
        "r":0.25,
        "f":0.4
      }
    },
    "transformer_loss":42356.9767692097,
    "ner_loss":7820.953125
  }
}